id,run_id,category,metric,source,source_url,source_type,fetched_at,published_at,interpretation,credibility_tier,independence_group,collector,fetch_duration_ms,raw_snapshot_key,content_reference,conflict_flags,related_claims,supersedes
ev_macro_0001,run_20260801_BTC_q1,macro,dxy,FRED,https://example.com/fred/api?metric=dxy,api,2026-08-01T02:30:00Z,,美元指數 DXY 收於 101.8，週線下跌 0.6,tier0_official,grp_fred_dxy,demo_agent_v0.1,42,run_20260801_BTC_q1/ev_macro_0001.json,"{""value"": 101.8, ""wow_change_pct"": -0.6}",,,
ev_news_0001,run_20260801_BTC_q1,news,etf_flow,Farside Investors,https://example.com/farsideinvestors/api?metric=etf_flow,api,2026-08-01T02:30:00Z,,BTC 現貨 ETF 於 2026-07-31 淨流入 2.1 億美元,tier0_official,grp_farside_investors_etf_flow,demo_agent_v0.1,42,run_20260801_BTC_q1/ev_news_0001.json,"{""date"": ""2026-07-31"", ""net_inflow_usd_m"": 210.0, ""display"": ""2.1 億""}",,,
ev_news_0002,run_20260801_BTC_q1,news,regulatory_announcement,CoinDesk,https://example.com/coindesk/api?metric=regulatory_announcement,api,2026-08-01T02:30:00Z,,SEC 於 2026-07-30 宣布延後某加密 ETF 裁決,tier1_major_media,grp_coindesk_regulatory_announcement,demo_agent_v0.1,42,run_20260801_BTC_q1/ev_news_0002.json,"{""date"": ""2026-07-30"", ""headline"": ""SEC delays decision""}",,,
ev_onchain_0001,run_20260801_BTC_q1,onchain,active_addresses,Coin Metrics,https://example.com/coinmetrics/api?metric=active_addresses,api,2026-08-01T02:30:00Z,,BTC 活躍地址 7 日均值為 912345，較上週上升 4.2,tier0_official,grp_coin_metrics_active_addresses,demo_agent_v0.1,42,run_20260801_BTC_q1/ev_onchain_0001.json,"{""value"": 912345, ""window"": ""7d"", ""wow_change_pct"": 4.2}",,,
ev_onchain_0002,run_20260801_BTC_q1,onchain,exchange_netflow,Coin Metrics,https://example.com/coinmetrics/api?metric=exchange_netflow,api,2026-08-01T02:30:00Z,,過去 24 小時交易所淨流出 5321 BTC,tier0_official,grp_coin_metrics_exchange_netflow,demo_agent_v0.1,42,run_20260801_BTC_q1/ev_onchain_0002.json,"{""netflow_btc"": -5321, ""window"": ""24h""}",,,
ev_price_0001,run_20260801_BTC_q1,price_technical,rsi_14d,Binance,https://example.com/binance/api?metric=rsi_14d,api,2026-08-01T02:30:00Z,,BTC 14 日 RSI 為 71.3，高於 70 的超買門檻,tier0_official,grp_binance_rsi_14d,demo_agent_v0.1,42,run_20260801_BTC_q1/ev_price_0001.json,"{""value"": 71.3, ""window"": ""14d"", ""threshold"": 70}",,,
ev_price_0002,run_20260801_BTC_q1,price_technical,ma_50d_200d,Binance,https://example.com/binance/api?metric=ma_50d_200d,api,2026-08-01T02:30:00Z,,BTC 50 日均線位於 200 日均線之上（黃金交叉維持中）,tier0_official,grp_binance_ma_50d_200d,demo_agent_v0.1,42,run_20260801_BTC_q1/ev_price_0002.json,"{""ma50_gt_ma200"": true, ""windows"": [50, 200]}",,,
ev_price_0003,run_20260801_BTC_q1,price_technical,volatility_30d,CoinGecko,https://example.com/coingecko/api?metric=volatility_30d,api,2026-08-01T02:30:00Z,,BTC 30 日年化波動率為 42.5,tier2_aggregator,grp_coingecko_volatility_30d,demo_agent_v0.1,42,run_20260801_BTC_q1/ev_price_0003.json,"{""value"": 42.5, ""window"": ""30d""}",,,
ev_sentiment_0001,run_20260801_BTC_q1,sentiment,fear_greed,Alternative.me,https://example.com/alternative.me/api?metric=fear_greed,api,2026-08-01T02:30:00Z,,恐懼貪婪指數為 74（貪婪區間）,tier2_aggregator,grp_alternative.me_fear_greed,demo_agent_v0.1,42,run_20260801_BTC_q1/ev_sentiment_0001.json,"{""value"": 74, ""label"": ""greed""}",,,
ev_sentiment_0002,run_20260801_BTC_q1,sentiment,reddit_activity,Reddit,https://example.com/reddit/api?metric=reddit_activity,api,2026-08-01T02:30:00Z,,r/Bitcoin 24 小時熱門貼文中看多比例約 63,tier3_community,grp_reddit_reddit_activity,demo_agent_v0.1,42,run_20260801_BTC_q1/ev_sentiment_0002.json,"{""bullish_pct"": 63, ""window"": ""24h"", ""sample"": 40}",,,
